,correct label,Finance,Dogs,Food
0,0.8669662475585938,0.023507487028837204,0.012795854359865189,0.004795909393578768
1,0.8976760506629944,0.03523050621151924,0.01172840315848589,0.005322364624589682
2,0.9832093119621277,0.030928535386919975,0.035495687276124954,0.007415108382701874
3,0.9772022366523743,0.013461596332490444,0.008753323927521706,0.005206081550568342
4,0.9510775804519653,0.041344206780195236,0.017116732895374298,0.00648025656118989
5,0.872797966003418,0.5003156065940857,0.08751308917999268,0.05499200150370598
6,0.5679481625556946,0.011343017220497131,0.006116107571870089,0.0035988525487482548
7,0.7140185236930847,0.797886312007904,0.321181058883667,0.5839647054672241
8,0.6601254343986511,0.16861093044281006,0.023404905572533607,0.010035949759185314
9,0.9763554930686951,0.05864362046122551,0.04550078883767128,0.010592338629066944
10,0.9961575865745544,0.15017195045948029,0.01022339891642332,0.004103309940546751
11,0.6353064775466919,0.7156275510787964,0.19051674008369446,0.6188026070594788
12,0.8624886870384216,0.4733101725578308,0.0273661520332098,0.023477187380194664
13,0.902743399143219,0.8684245944023132,0.5783222913742065,0.5778568387031555
14,0.9956785440444946,0.8051130175590515,0.14445264637470245,0.33752065896987915
15,0.6721874475479126,0.058235932141542435,0.02125684544444084,0.04069175198674202
16,0.8887547254562378,0.23970095813274384,0.05231663957238197,0.034745953977108
17,0.8300353288650513,0.8209829330444336,0.6043538451194763,0.7623740434646606
18,0.9789150953292847,0.13612090051174164,0.040176067501306534,0.01426154375076294
19,0.8272259831428528,0.02329631894826889,0.026570115238428116,0.01273987628519535
20,0.025268230587244034,0.10217848420143127,0.02644277736544609,0.016176102682948112
21,0.9855064153671265,0.03382411599159241,0.010962052270770073,0.009657448157668114
22,0.10348249226808548,0.026843547821044922,0.012486395426094532,0.005290314555168152
23,0.9912112355232239,0.072600819170475,0.04113711416721344,0.01789139397442341
24,0.9876030087471008,0.0037008270155638456,0.006211202125996351,0.00147671636659652
25,0.12402868270874023,0.036600012332201004,0.013076451607048512,0.005170927383005619
26,0.9955736994743347,0.1054711788892746,0.08594897389411926,0.07043255865573883
27,0.896149218082428,0.00048339247587136924,0.007260071113705635,0.000700678036082536
28,0.8450649976730347,0.13030660152435303,0.0781836286187172,0.13611866533756256
29,0.9961599111557007,0.16039152443408966,0.004869310185313225,0.0032594366930425167
30,0.46583911776542664,0.327168732881546,0.06735300272703171,0.052121423184871674
31,0.8771330118179321,0.013847359456121922,0.009057622402906418,0.30148354172706604
32,0.6716876029968262,0.0005755607853643596,0.0004130996821913868,0.00018314618500880897
33,0.8374265432357788,0.7371603846549988,0.46584364771842957,0.6742164492607117
34,0.3938133120536804,0.3318839371204376,0.14866571128368378,0.12344792485237122
35,0.9163798093795776,0.0021070297807455063,0.003023260971531272,0.0016174658667296171
36,0.8704758286476135,0.09603995084762573,0.010206879116594791,0.00845868606120348
37,0.9059106707572937,0.44885075092315674,0.10079245269298553,0.07591435313224792
38,0.8507741093635559,0.22428366541862488,0.40427398681640625,0.025588693097233772
39,0.9166930317878723,0.8719607591629028,0.34873610734939575,0.8295215368270874
40,0.714318573474884,0.021609798073768616,0.03624482452869415,0.03254106268286705
41,0.5347806215286255,0.011439128778874874,0.0074484748765826225,0.0025383129250258207
42,0.8103975653648376,0.03166086599230766,0.02289757691323757,0.0028148270212113857
43,0.9020096659660339,0.07169340550899506,0.09990838170051575,0.09106199443340302
44,0.972883403301239,0.830016553401947,0.08967232704162598,0.0970911756157875
45,0.3691703975200653,0.059635262936353683,0.006090311799198389,0.0011531024938449264
46,0.8516504168510437,0.0042548454366624355,0.002324482426047325,0.0007102240342646837
47,0.9856486916542053,0.008609255775809288,0.007778805214911699,0.0029372454155236483
48,0.387956827878952,0.00045847392175346613,0.0007976077031344175,0.0004895424353890121
49,0.9579930305480957,0.011773576028645039,0.007236913312226534,0.008048295974731445
50,0.827877938747406,0.012456884607672691,0.015089745633304119,0.011134388856589794
51,0.7856080532073975,0.10910230129957199,0.09000076353549957,0.0989232286810875
52,0.8767518401145935,0.03513116389513016,0.016043463721871376,0.004766417201608419
53,0.8689115643501282,0.06368999928236008,0.013598917983472347,0.012447898276150227
54,0.39398056268692017,0.8110851645469666,0.2174365222454071,0.8148705363273621
55,0.9913948178291321,0.013030515052378178,0.003267236752435565,0.0017744548385962844
56,0.9805237650871277,0.13075414299964905,0.03812573105096817,0.02937404438853264
57,0.32376596331596375,0.02375778928399086,0.005035282112658024,0.016773870214819908
58,0.9879480600357056,0.08758993446826935,0.008003238588571548,0.0038570889737457037
59,0.8533557057380676,0.6070905923843384,0.02731151133775711,0.38341134786605835
60,0.5331414937973022,0.006563511211425066,0.0018807894084602594,0.0005857463693246245
61,0.9703697562217712,0.15883974730968475,0.068637914955616,0.03805847093462944
62,0.9129737615585327,0.055754389613866806,0.013433407992124557,0.005906851962208748
63,0.9860014915466309,0.010695775970816612,0.0042854114435613155,0.0008438598597422242
64,0.9984920024871826,0.069788359105587,0.0037306968588382006,0.0026907112915068865
65,0.557939887046814,0.14013078808784485,0.03877437114715576,0.03788493201136589
66,0.1478419154882431,0.03243109956383705,0.01612798310816288,0.009332182817161083
67,0.8872249126434326,0.01589999534189701,0.018516113981604576,0.016832055523991585
68,0.17358678579330444,0.4871954023838043,0.25455114245414734,0.38950949907302856
69,0.9992124438285828,0.30203551054000854,0.05334065482020378,0.038387756794691086
70,0.16391268372535706,0.15336760878562927,0.09948493540287018,0.2574191987514496
71,0.22169749438762665,0.030118195340037346,0.012225362472236156,0.020561693236231804
72,0.9553341865539551,0.010690806433558464,0.007596535608172417,0.005670082289725542
73,0.6165823936462402,0.017216995358467102,0.0064113256521523,0.0028074325527995825
74,0.9699677228927612,0.15438462793827057,0.016748491674661636,0.013242406770586967
75,0.9798729419708252,0.033687204122543335,0.016336100175976753,0.005255959462374449
76,0.9676623344421387,0.2094513326883316,0.09435329586267471,0.04566685110330582
77,0.9780297875404358,0.49686336517333984,0.040153831243515015,0.018276598304510117
78,0.9814354777336121,0.23239949345588684,0.038850001990795135,0.0157722607254982
79,0.9785248041152954,0.005625649821013212,0.006551414728164673,0.002091045957058668
80,0.22362197935581207,0.516129732131958,0.18291334807872772,0.5443439483642578
81,0.8815027475357056,0.5819482207298279,0.5213801860809326,0.5309582352638245
82,0.23624646663665771,0.20299936830997467,0.09520696103572845,0.13416200876235962
83,0.3264966905117035,0.2548225224018097,0.034315384924411774,0.03343654423952103
84,0.6050137877464294,0.0239837896078825,0.01933668926358223,0.006880523171275854
85,0.8380818367004395,0.02428036741912365,0.015876656398177147,0.0081748953089118
86,0.4655347466468811,0.20319685339927673,0.0472136028110981,0.05057891830801964
87,0.6762489080429077,0.23256510496139526,0.13797065615653992,0.1473139226436615
88,0.9218621253967285,0.01809658855199814,0.01231237594038248,0.005860911216586828
89,0.9136038422584534,0.0028219737578183413,0.0031579474452883005,0.000999693525955081
90,0.8280045390129089,0.003306476166471839,0.0034273832570761442,0.0011161110596731305
91,0.5393725037574768,0.05482088029384613,0.028183897957205772,0.02383344992995262
92,0.8489974141120911,0.09494015574455261,0.03827795758843422,0.026208478957414627
93,0.9884976744651794,0.09064588695764542,0.06382586061954498,0.024551238864660263
94,0.9375810027122498,0.022236336022615433,0.005222777370363474,0.00315490597859025
95,0.9424363970756531,0.25512778759002686,0.9338281750679016,0.05094709247350693
96,0.5113871693611145,0.05013473331928253,0.03538266196846962,0.048469457775354385
97,0.27702465653419495,0.26034867763519287,0.008121623657643795,0.008641076274216175
98,0.000989226740784943,0.0008174271788448095,0.0005408254219219089,0.0013243429129943252
99,0.8723796606063843,0.020550983026623726,0.007626309059560299,0.005722423549741507
100,0.925386369228363,0.02363654039800167,0.013885305263102055,0.00763524929061532
101,0.5244052410125732,0.23075252771377563,0.0641866996884346,0.04493522271513939
102,0.9396110773086548,0.1850249469280243,0.4405396580696106,0.03346908092498779
103,0.9964655637741089,0.028709154576063156,0.0043406556360423565,0.00090914370957762
104,0.6181787252426147,0.07945127040147781,0.027935553342103958,0.008985222317278385
105,0.8868280649185181,0.6267772912979126,0.6940305233001709,0.2984152138233185
106,0.935603141784668,0.0010595836210995913,0.0024269949644804,0.0012873411178588867
107,0.9041476249694824,0.07233481109142303,0.024870961904525757,0.01750929467380047
108,0.9793764352798462,0.043282121419906616,0.015269455499947071,0.003670967184007168
109,0.991599977016449,0.231127068400383,0.05833839252591133,0.07025342434644699
110,0.09674853831529617,0.008542325347661972,0.008848448283970356,0.0058129034005105495
111,0.9045388698577881,0.01968497782945633,0.014085340313613415,0.010973960161209106
112,0.9947332143783569,0.006536657921969891,0.020257603377103806,0.004167933948338032
113,0.06644665449857712,0.08306510746479034,0.051671307533979416,0.0028295365627855062
114,0.804955005645752,0.03805559501051903,0.02550811506807804,0.009098034352064133
115,0.021702028810977936,0.018848702311515808,0.01852520927786827,0.017672788351774216
116,0.9806025624275208,0.0779690220952034,0.024926133453845978,0.21491001546382904
117,0.9931396842002869,0.046986233443021774,0.02811480686068535,0.005494255106896162
118,0.9674788117408752,0.0037272274494171143,0.006225856486707926,0.0014909307938069105
119,0.9980369806289673,0.004917180631309748,0.005160448141396046,0.00261482666246593
120,0.8973197937011719,0.0841219499707222,0.07272173464298248,0.0585956797003746
121,0.9771093130111694,0.021467935293912888,0.040091902017593384,0.028181614354252815
122,0.8707376718521118,0.05230335518717766,0.03093918040394783,0.014957720413804054
123,0.7469063401222229,0.011060402728617191,0.011731501668691635,0.04006802290678024
124,0.8341034054756165,0.014645238406956196,0.012498718686401844,0.006088601425290108
125,0.03525947034358978,0.013210039585828781,0.006847837008535862,0.013720106333494186
126,0.007427316624671221,0.24306944012641907,0.003952345345169306,0.009267809800803661
127,0.9359189867973328,0.0105354068800807,0.258146733045578,0.01900479570031166
128,0.8252458572387695,0.015599741600453854,0.004812241066247225,0.001993369311094284
129,0.6113949418067932,0.28981566429138184,0.4237135946750641,0.3185742497444153
130,0.9981771111488342,0.03637700155377388,0.009751640260219574,0.0033580732997506857
131,0.6190798878669739,0.008050925098359585,0.005070047453045845,0.01685892790555954
132,0.9954213500022888,0.11543174088001251,0.014876103028655052,0.007583113852888346
133,0.4831855893135071,0.6820469498634338,0.3389313817024231,0.6705793142318726
134,0.9196905493736267,0.038619693368673325,0.004681172780692577,0.0031761140562593937
135,0.04427509754896164,0.10986406356096268,0.025498930364847183,0.04103237763047218
136,0.9929113984107971,0.5653393864631653,0.1431983858346939,0.17861078679561615
137,0.8633608222007751,0.02792765200138092,0.01630559377372265,0.00462666479870677
138,0.8582483530044556,0.011604905128479004,0.011120660230517387,0.0015638592885807157
139,0.9533147215843201,0.04110199585556984,0.02434946410357952,0.015600208193063736
140,0.554807722568512,0.008172934874892235,0.007845185697078705,0.5964121222496033
141,0.3107578754425049,0.4451157748699188,0.2241005003452301,0.20642568171024323
142,0.9708809852600098,0.05601385980844498,0.02397439070045948,0.011050832457840443
143,0.9562044739723206,0.03710763901472092,0.011918052099645138,0.00427998835220933
144,0.8932666778564453,0.9634280800819397,0.9592139720916748,0.9644429087638855
145,0.9289180636405945,0.8127542734146118,0.8433701395988464,0.8676350116729736
146,0.9914698600769043,0.0008209095685742795,0.0020154130179435015,0.0005839309887960553
147,0.34313929080963135,0.653916597366333,0.7675325870513916,0.6651408076286316
148,0.867509126663208,0.08230327069759369,0.03085409104824066,0.02565601095557213
149,0.9678248167037964,0.0061315749771893024,0.009070402011275291,0.00443823728710413
150,0.95234215259552,0.0014253658009693027,0.00316263223066926,0.001116205588914454
151,0.8179560303688049,0.014840824529528618,0.009823993779718876,0.011401110328733921
152,0.7979722619056702,0.8367900848388672,0.32367026805877686,0.784775972366333
153,0.31619393825531006,0.15668316185474396,0.09267868846654892,0.20793606340885162
154,0.9852385520935059,0.07500430196523666,0.043971091508865356,0.04209521412849426
155,0.9348167777061462,0.2677464187145233,0.026530448347330093,0.012296248227357864
156,0.9280945658683777,0.8859111070632935,0.5560176968574524,0.7837182283401489
157,0.7484216094017029,0.6373511552810669,0.23865535855293274,0.5612661242485046
158,0.30775126814842224,0.013211099430918694,0.010070513002574444,0.004224780015647411
159,0.17697586119174957,0.12826542556285858,0.08010939508676529,0.08040868490934372
160,0.46307334303855896,0.009151652455329895,0.005544554442167282,0.00292731705121696
161,0.9726547598838806,0.07925606518983841,0.005732758902013302,0.004779823590070009
162,0.4802539348602295,0.17989329993724823,0.04138035699725151,0.03432021662592888
163,0.7203615307807922,0.1149861067533493,0.05930722877383232,0.08919387310743332
164,0.9690878391265869,0.0008080435800366104,0.0015040300786495209,0.0007213574717752635
165,0.7845669388771057,0.07616569846868515,0.0004938152269460261,0.0002496044326107949
166,0.9813115000724792,0.020316660404205322,0.0048350319266319275,0.0036777907516807318
167,0.08765965700149536,0.022022295743227005,0.0025062328204512596,0.001001484110020101
168,0.4638647139072418,0.826556384563446,0.21829749643802643,0.2816632390022278
169,0.6038337349891663,0.016737468540668488,0.017519144341349602,0.0025793013628572226
170,0.5018592476844788,0.05220866948366165,0.03885664418339729,0.03667401894927025
171,0.788920521736145,0.047591328620910645,0.0241803377866745,0.006405667867511511
172,0.39074280858039856,0.016426371410489082,0.007677841931581497,0.008894594386219978
173,0.9857460856437683,0.008898108266294003,0.003959181252866983,0.0013866294175386429
174,0.8877635598182678,0.0037800432182848454,0.013342233374714851,0.032383907586336136
175,0.6173074841499329,0.10485918819904327,0.026691699400544167,0.006644000764936209
176,0.0019810148514807224,0.0010619990061968565,0.0005222521722316742,0.00017597978876437992
177,0.7681570053100586,0.03746582195162773,0.0302556324750185,0.056795887649059296
178,0.8555057644844055,0.036010466516017914,0.019092982634902,0.0072608087211847305
179,0.9925975203514099,0.008815259672701359,0.009267185814678669,0.002399542834609747
180,0.5375590324401855,0.06058751791715622,0.020017510280013084,0.03665396198630333
181,0.1851814240217209,0.030744286254048347,0.008179188705980778,0.008819970302283764
182,0.580518364906311,0.5656546354293823,0.5675593614578247,0.854728639125824
183,0.8398242592811584,0.21861237287521362,0.09597720205783844,0.06569398939609528
184,0.7204579710960388,0.13085591793060303,0.04669764265418053,0.12909851968288422
185,0.9601535797119141,0.05738644674420357,0.00901122111827135,0.002267911098897457
186,0.7860109210014343,0.05382143333554268,0.027891961857676506,0.01028064638376236
187,0.7763693332672119,0.17974311113357544,0.05171920359134674,0.025395365431904793
188,0.5309714674949646,0.06363721191883087,0.032500285655260086,0.028867244720458984
189,0.9852461218833923,0.021806655451655388,0.07327665388584137,0.017112556844949722
190,0.9425402283668518,0.06974025815725327,0.0331902913749218,0.018009837716817856
191,0.9071047306060791,0.07496871054172516,0.04851529002189636,0.019225867465138435
192,0.9772703647613525,0.00760994479060173,0.008265158161520958,0.0008708177483640611
193,0.7811345458030701,0.020510945469141006,0.01978597231209278,0.09322737902402878
194,0.5579687356948853,0.07603465765714645,0.00856067519634962,0.005778187420219183
195,0.6672069430351257,0.09468618780374527,0.018920259550213814,0.016525736078619957
196,0.37106794118881226,0.03549705445766449,0.024032169952988625,0.05927865207195282
197,0.05055002495646477,0.1311907321214676,0.029519492760300636,0.06148494407534599
198,0.826806902885437,0.36395713686943054,0.07470922917127609,0.06539798527956009
199,0.8454168438911438,0.03418538719415665,0.009055922739207745,0.010568863712251186
200,0.9566808342933655,0.019571814686059952,0.008853369392454624,0.006157318130135536
201,0.9562913775444031,0.06027725338935852,0.017203014343976974,0.012620543129742146
202,0.8198521733283997,0.19955074787139893,0.05746310576796532,0.02543451450765133
203,0.7861652374267578,0.6093155741691589,0.39709559082984924,0.6384891867637634
204,0.8246652483940125,0.03995267301797867,0.00918680988252163,0.006532453000545502
205,0.9685484170913696,0.01409654226154089,0.0025632258038967848,0.008475919254124165
206,0.9831641316413879,0.02453812025487423,0.015364976599812508,0.005401697475463152
207,0.9208004474639893,0.03785792738199234,0.009248808026313782,0.005456995684653521
208,0.8732314705848694,0.7158852815628052,0.3045620620250702,0.8210781812667847
209,0.7988402843475342,0.921422004699707,0.6033627390861511,0.8501781225204468
210,0.7765986919403076,0.7811305522918701,0.5586205124855042,0.8036288022994995
211,0.14441761374473572,0.16694729030132294,0.015004272572696209,0.01500602439045906
212,0.9912717938423157,0.024549944326281548,0.013721756637096405,0.008397907949984074
213,0.7370385527610779,0.022802025079727173,0.01860637590289116,0.006156384013593197
214,0.9723600745201111,0.12699025869369507,0.09283237904310226,0.08484279364347458
215,0.7944526076316833,0.10549092292785645,0.12023574858903885,0.6198192238807678
216,0.9293068051338196,0.04747992381453514,0.013865617103874683,0.009214775636792183
217,0.8420616388320923,0.06383978575468063,0.04480324685573578,0.017272241413593292
218,0.1994609236717224,0.025883762165904045,0.008610811084508896,0.33712512254714966
219,0.21002960205078125,0.18559382855892181,0.005712437443435192,0.0037421623710542917
220,0.9823079109191895,0.12608255445957184,0.0492110513150692,0.04188307747244835
221,0.8138564825057983,0.6853398680686951,0.38061636686325073,0.537349283695221
222,0.014812415465712547,0.015031065791845322,0.0032391571439802647,0.0017332712886855006
223,0.012785284779965878,0.016499824821949005,0.004924534820020199,0.0027471636421978474
224,0.15546543896198273,0.0022764711175113916,0.004061167128384113,0.0028963552322238684
225,0.9985668659210205,0.03218640014529228,0.019518449902534485,0.009306595660746098
226,0.44936975836753845,0.13883157074451447,0.06802895665168762,0.06123427301645279
227,0.09989960491657257,0.506597638130188,0.7872079014778137,0.3103225529193878
228,0.5031079649925232,0.526957631111145,0.21603800356388092,0.38794225454330444
229,0.9740937948226929,0.10747914016246796,0.01356594916433096,0.007193985395133495
230,0.45872634649276733,0.04781175032258034,0.01863756775856018,0.02566128969192505
231,0.9977779388427734,0.08008988201618195,0.021833235397934914,0.0072522289119660854
232,0.8163325190544128,0.03325657546520233,0.03253060206770897,0.021693844348192215
233,0.9264424443244934,0.4301118552684784,0.056626200675964355,0.03193461894989014
234,0.23060359060764313,0.016054458916187286,0.00995299220085144,0.0025012255646288395
235,0.9550414085388184,0.24388088285923004,0.11281795054674149,0.03520151600241661
236,0.9780896306037903,0.2522623836994171,0.05909477919340134,0.03953917697072029
237,0.2771971523761749,0.12232743948698044,0.022865500301122665,0.0110202981159091
238,0.008271904662251472,0.0022284304723143578,0.0117651904001832,0.0007103311945684254
239,0.8018822073936462,0.17519545555114746,0.04289204254746437,0.03784154728055
240,0.913021981716156,0.09012564271688461,0.04534943029284477,0.04858226329088211
241,0.17558588087558746,0.00270285876467824,0.003532557748258114,0.001955462619662285
242,0.7530245184898376,0.04197525978088379,0.009343845769762993,0.005063248332589865
243,0.9935149550437927,0.14673586189746857,0.01583811268210411,0.0033752471208572388
244,0.7882609963417053,0.007983616553246975,0.008304889313876629,0.0016374747501686215
245,0.9841388463973999,0.07657565176486969,0.030707962810993195,0.015766194090247154
246,0.9010087847709656,0.0720360055565834,0.05634036287665367,0.056890279054641724
247,0.4907161593437195,0.07725252211093903,0.029784195125102997,0.07886534184217453
248,0.2518724501132965,0.5268339514732361,0.4767729938030243,0.6054427623748779
249,0.21120841801166534,0.06147179380059242,0.021479124203324318,0.01063095685094595
250,0.7967228293418884,0.042461097240448,0.004483585245907307,0.002965376013889909
251,0.38771238923072815,0.06235799565911293,0.027029745280742645,0.04412287101149559
252,0.005830743815749884,0.008004392497241497,0.005258132237941027,0.003914480563253164
253,0.3036887049674988,0.0619109682738781,0.029360506683588028,0.01333889551460743
254,0.5646862983703613,0.2806466221809387,0.015051737427711487,0.041403353214263916
255,0.9916570782661438,0.4450767934322357,0.16027674078941345,0.0903293564915657
256,0.9617581963539124,0.04850439727306366,0.06053365767002106,0.027410807088017464
257,0.8802094459533691,0.006962532643228769,0.006190963555127382,0.0017468782607465982
258,0.8752301931381226,0.017222097143530846,0.017602464184165,0.007799254730343819
259,0.6444738507270813,0.2465439736843109,0.13620969653129578,0.14058704674243927
260,0.039309896528720856,0.10398300737142563,0.08324236422777176,0.09032531082630157
261,0.45350104570388794,0.03612714260816574,0.015044166706502438,0.013727465644478798
262,0.8435770869255066,0.23395220935344696,0.023396041244268417,0.034358080476522446
263,0.1458480805158615,0.24421271681785583,0.033517587929964066,0.01428756769746542
264,0.5079924464225769,0.17622677981853485,0.0044412449933588505,0.004074591677635908
265,0.8569767475128174,0.3108713924884796,0.023032397031784058,0.01024683192372322
266,0.7862685918807983,0.027065221220254898,0.04658946022391319,0.046330686658620834
267,0.08005455136299133,0.0953509658575058,0.06217803806066513,0.07438681274652481
268,0.9724040627479553,0.05925542488694191,0.036845795810222626,0.00895112007856369
269,0.7320747375488281,0.4687097370624542,0.14672400057315826,0.08089130371809006
270,0.994314432144165,0.0077494424767792225,0.017279447987675667,0.003575907787308097
271,0.03496220335364342,0.017063142731785774,0.0008248394005931914,0.0007719841087237
272,0.9688411951065063,0.18272580206394196,0.05574309825897217,0.07051096856594086
273,0.9069135189056396,0.06305109709501266,0.004969671834260225,0.0020684367045760155
274,0.9841315746307373,0.12113040685653687,0.01236957497894764,0.019925609230995178
275,0.6380709409713745,0.2996538281440735,0.04937892407178879,0.06558064371347427
276,0.9915673136711121,0.019232837483286858,0.023512208834290504,0.013203281909227371
277,0.9590591788291931,0.44277456402778625,0.22284965217113495,0.1574673354625702
278,0.9958528280258179,0.012226262129843235,0.014257817529141903,0.009739456698298454
279,0.8155242800712585,0.03156368434429169,0.014438452199101448,0.003601571312174201
280,0.9951925873756409,0.23328228294849396,0.03355765342712402,0.010764921084046364
281,0.1869567483663559,0.16256709396839142,0.019210433587431908,0.006832692306488752
282,0.7419628500938416,0.06678451597690582,0.03191020339727402,0.02212212048470974
283,0.7057245969772339,0.030608512461185455,0.0024489127099514008,0.0008550023776479065
284,0.6059960722923279,0.013444573618471622,0.008381998166441917,0.0032463318202644587
285,0.9779456257820129,0.007219840306788683,0.0033923746086657047,0.0017247762298211455
286,0.15139620006084442,0.27970626950263977,0.03592528775334358,0.07161834090948105
287,0.3207360506057739,0.0046094320714473724,0.0030772709287703037,0.002764036413282156
288,0.13657741248607635,0.05366078019142151,0.1324118971824646,0.08296509087085724
289,0.034044403582811356,0.005600296892225742,0.002806063974276185,0.0021229691337794065
290,0.9051501750946045,0.1527041643857956,0.04991821199655533,0.038347188383340836
291,0.42451807856559753,0.08489999920129776,0.012046488001942635,0.00428405636921525
292,0.20914176106452942,0.02736106887459755,0.021223215386271477,0.03158938139677048
293,0.9688864946365356,0.00551138911396265,0.00464490195736289,0.0011051091132685542
294,0.8202914595603943,0.07285343110561371,0.026377223432064056,0.04024885222315788
295,0.7294367551803589,0.1867058128118515,0.08711743354797363,0.06861946731805801
296,0.5760974884033203,0.0055383481085300446,0.004221498966217041,0.0027629334945231676
297,0.9895603060722351,0.0913655012845993,0.032984379678964615,0.023781465366482735
298,0.21236373484134674,0.011322633363306522,0.0006340773543342948,0.004472467582672834
299,0.6127334237098694,0.7833255529403687,0.3337084949016571,0.7487550377845764
300,0.7661039233207703,0.08475352078676224,0.01714591309428215,0.11752381175756454
301,0.2092123031616211,0.018595227971673012,0.01453204732388258,0.006663375534117222
302,0.9689144492149353,0.004531974904239178,0.0006827097968198359,0.0003431953664403409
303,0.642296552658081,0.38316935300827026,0.19072343409061432,0.5169345140457153
304,0.875265896320343,0.10419869422912598,0.005657773930579424,0.001980230212211609
305,0.9925117492675781,0.25206342339515686,0.0201512910425663,0.07416779547929764
306,0.7626039981842041,0.4732872247695923,0.06967000663280487,0.03329968452453613
307,0.8080744743347168,0.09891175478696823,0.026712242513895035,0.037364035844802856
308,0.8221858143806458,0.033074863255023956,0.02564099058508873,0.009061947464942932
309,0.972375750541687,0.15935403108596802,0.0650809109210968,0.05165877193212509
310,0.007579462602734566,0.2801956236362457,0.042658571153879166,0.0651252418756485
311,0.19700127840042114,0.008935559540987015,0.004221028182655573,0.005049813073128462
312,0.27090370655059814,0.017136430367827415,0.001657591201364994,0.0017739043105393648
313,0.09693871438503265,0.04506290331482887,0.011774253100156784,0.0073666744865477085
314,0.961944580078125,0.13310208916664124,0.024703901261091232,0.01601436547935009
315,0.1910066455602646,0.037363819777965546,0.011942043900489807,0.005954497028142214
316,0.9204204678535461,0.01791580393910408,0.009131276048719883,0.005271330941468477
317,0.7999055981636047,0.00202721799723804,0.009607844054698944,0.0036606278736144304
318,0.7504512667655945,0.04515078663825989,0.10276661068201065,0.01759280264377594
319,0.6398380994796753,0.0021946534980088472,0.004635210614651442,0.003043193370103836
320,0.21406500041484833,0.5415206551551819,0.03900637477636337,0.011823289096355438
321,0.8228365182876587,0.0007252565701492131,0.0011269855313003063,0.000709829677361995
322,0.965057373046875,0.014838457107543945,0.04284149408340454,0.014941630885004997
323,0.9916372299194336,0.0017206085612997413,0.004570350982248783,0.0008586233598180115
324,0.2114538550376892,0.01915833353996277,0.010846206918358803,0.00416532950475812
325,0.3391123414039612,0.08279642462730408,0.04556051641702652,0.05971531197428703
326,0.6968011260032654,0.05841806158423424,0.010404154658317566,0.0048520234413445
327,0.9879232048988342,0.29566025733947754,0.02321932651102543,0.08293159306049347
328,0.8781346678733826,0.13802792131900787,0.007700943388044834,0.0310343150049448
329,0.977399468421936,0.005311509594321251,0.018753759562969208,0.005675358232110739
330,0.3065175414085388,0.051032304763793945,0.015073607675731182,0.7889143228530884
331,0.43067774176597595,0.013231288641691208,0.056608229875564575,0.017681680619716644
332,0.07620684057474136,0.003133364487439394,0.004739242605865002,0.0019206540891900659
333,0.3360435962677002,0.5452149510383606,0.08536046743392944,0.05478498339653015
334,0.9674779176712036,0.12154166400432587,0.0409269779920578,0.01759861782193184
335,0.264125794172287,0.0038733535911887884,0.0024720949586480856,0.0006909022340551019
336,0.953366756439209,0.07310478389263153,0.03003864362835884,0.012096526101231575
337,0.979388415813446,0.012408238835632801,0.0049522919580340385,0.003987529780715704
338,0.9839731454849243,0.012334834784269333,0.9163646697998047,0.014023436233401299
339,0.7116800546646118,0.02650364302098751,0.010755259543657303,0.005885274149477482
340,0.028650838881731033,0.06896280497312546,0.009208325296640396,0.0051653096452355385
341,0.889984667301178,0.02859131433069706,0.022526798769831657,0.008253461681306362
342,0.3646645247936249,0.06856189668178558,0.01861630752682686,0.01087651401758194
343,0.9801023602485657,0.4037770926952362,0.14626511931419373,0.06170687451958656
344,0.3305641710758209,0.23287823796272278,0.2521570324897766,0.19319704174995422
345,0.8973375558853149,0.17833851277828217,0.07980220019817352,0.02934463694691658
346,0.9897050261497498,0.9625546932220459,0.21438436210155487,0.15929941833019257
347,0.636866569519043,0.014968190342187881,0.0011132078943774104,0.004606316331773996
348,0.8522719740867615,0.01747746951878071,0.0038918766658753157,0.0013722191797569394
349,0.3778321146965027,0.02006450854241848,0.006047737319022417,0.005046171601861715
350,0.9168022871017456,0.01720103621482849,0.01681405119597912,0.0039955852553248405
351,0.038488082587718964,0.0023109891917556524,0.0060936217196285725,0.0022981404326856136
352,0.5703180432319641,0.0215456560254097,0.01329770963639021,0.012904752977192402
353,0.2327011227607727,0.041926655918359756,0.029700132086873055,0.03924595192074776
354,0.9695093631744385,0.0031291008926928043,0.0018862492870539427,0.0003870389482472092
355,0.9837576746940613,0.019476501271128654,0.01927069202065468,0.02305910922586918
356,0.04687570035457611,0.004562524147331715,0.003741420106962323,0.0026582698337733746
357,0.40146851539611816,0.02584909088909626,0.023366296663880348,0.010962270200252533
358,0.8747649788856506,0.34565526247024536,0.1360899806022644,0.05879655480384827
359,0.02220899611711502,0.09307126700878143,0.05518440902233124,0.13289763033390045
360,0.9192406535148621,0.0012536646099761128,0.004929072223603725,0.001076591550372541
361,0.5615222454071045,0.7486397624015808,0.47755706310272217,0.5976349711418152
362,0.9925923943519592,0.6473867297172546,0.003083267714828253,0.0060636745765805244
363,0.9870991110801697,0.005770162679255009,0.004012647550553083,0.0029535696376115084
364,0.09477535635232925,0.10129014402627945,0.007902396842837334,0.0033766531851142645
365,0.36834219098091125,0.017360800877213478,0.015479344874620438,0.09257791936397552
366,0.9419581294059753,0.9473453760147095,0.7209475636482239,0.9227108359336853
367,0.5162609219551086,0.1164742112159729,0.028258124366402626,0.01563413441181183
368,0.9756395816802979,0.05523712933063507,0.014528968371450901,0.008605390787124634
369,0.0960620567202568,0.2836321294307709,0.017141886055469513,0.03547598421573639
370,0.013751480728387833,0.0006559182074852288,0.0011505585862323642,0.00038752195541746914
371,0.210191547870636,0.150323286652565,0.004524995107203722,0.0020764204673469067
372,0.7285946607589722,0.7540842890739441,0.22765575349330902,0.5792987942695618
373,0.4107939302921295,0.33462586998939514,0.3457949757575989,0.3104182481765747
374,0.8743163347244263,0.0638943612575531,0.04482528939843178,0.031204955652356148
375,0.6988248825073242,0.07827144861221313,0.004866525996476412,0.0012917389394715428
376,0.1735217571258545,0.019644761458039284,0.46444734930992126,0.00792015716433525
377,0.17992080748081207,0.03795788809657097,0.022465839982032776,0.02106514945626259
378,0.5548262000083923,0.21386505663394928,0.08255981653928757,0.2271607518196106
379,0.9664573073387146,0.027525704354047775,0.013793006539344788,0.008138146251440048
380,0.8636583685874939,0.036392226815223694,0.013624102808535099,0.006988014560192823
381,0.0431341677904129,0.007712904363870621,0.0063272276893258095,0.006287034135311842
382,0.9652493596076965,0.019537027925252914,0.00856561679393053,0.019938761368393898
383,0.9867070913314819,0.009766461327672005,0.015264938585460186,0.004347412381321192
384,0.8976448178291321,0.1223616674542427,0.022557081654667854,0.02524726092815399
385,0.6146577596664429,0.531768262386322,0.35113421082496643,0.7284177541732788
386,0.9972708225250244,0.11258059740066528,0.01972814090549946,0.009428141638636589
387,0.9825515747070312,0.4557799994945526,0.288417249917984,0.3829062581062317
388,0.9188358187675476,0.11905863136053085,0.015884093940258026,0.013112873770296574
389,0.9518529772758484,0.24776622653007507,0.09684056043624878,0.07214147597551346
390,0.7005135416984558,0.012676137499511242,0.011186748743057251,0.013087576255202293
391,0.951944887638092,0.07098480314016342,0.060054048895835876,0.03421512618660927
392,0.6902614831924438,0.004097264725714922,0.008815468288958073,0.00210351194255054
393,0.9883113503456116,0.011055896058678627,0.029865212738513947,0.01060743909329176
394,0.278794527053833,0.4076468050479889,0.09142676740884781,0.07422120124101639
395,0.44114720821380615,0.11198421567678452,0.020612919703125954,0.02216220088303089
396,0.09141147881746292,0.006447602994740009,0.004097985103726387,0.003571810433641076
397,0.03861464187502861,0.012109581381082535,0.0033170406240969896,0.005668675061315298
398,0.9692222476005554,0.0035817227326333523,0.005336558446288109,0.006408222485333681
399,0.689937174320221,0.03326594457030296,0.007209239061921835,0.00391472689807415
400,0.9787408113479614,0.0009435929241590202,0.00044845795491710305,0.00018374300270806998
401,0.9082196950912476,0.004680856131017208,0.00663346704095602,0.0036688593681901693
402,0.9893420338630676,0.04270069673657417,0.012356650084257126,0.02443792298436165
403,0.9924843907356262,0.02564130164682865,0.03547246381640434,0.009569062851369381
404,0.14756827056407928,0.02238878607749939,0.012193952687084675,0.01080317422747612
405,0.9931002259254456,0.27788248658180237,0.023306138813495636,0.011741335503757
406,0.9453707933425903,0.018267691135406494,0.07443729788064957,0.03484572470188141
407,0.4925462007522583,0.15223908424377441,0.031069178134202957,0.01392477285116911
408,0.8598437905311584,0.06363609433174133,0.017562689259648323,0.02722245082259178
409,0.8873923420906067,0.26300153136253357,0.06913673132658005,0.025202983990311623
410,0.9951353669166565,0.049184516072273254,0.009787789545953274,0.012689992785453796
411,0.8092079758644104,0.03455623239278793,0.051827572286129,0.024729371070861816
412,0.37184786796569824,0.0687033087015152,0.02316470816731453,0.02238859422504902
413,0.9640885591506958,0.06518226116895676,0.00877032708376646,0.0059072161093354225
414,0.9443459510803223,0.11703651398420334,0.02832992561161518,0.012772082351148129
415,0.6307399868965149,0.6391858458518982,0.6060087084770203,0.7855464816093445
416,0.9228734374046326,0.026337387040257454,0.03512144088745117,0.015263624489307404
417,0.653902530670166,0.2608608305454254,0.0847218930721283,0.04386279359459877
418,0.0006946718203835189,0.0013271253556013107,0.0015208758413791656,0.000583290180657059
419,0.21552973985671997,0.019619809463620186,0.009561131708323956,0.005930962506681681
420,0.6932604312896729,0.004655526950955391,0.004897994454950094,0.010768850333988667
421,0.039519187062978745,0.014348480850458145,0.009406516328454018,0.01417930331081152
422,0.8773632049560547,0.3702232539653778,0.03959038853645325,0.06581366807222366
423,0.973771333694458,0.13228800892829895,0.010601498186588287,0.041200071573257446
424,0.5255710482597351,0.0013507850235328078,0.0007893244037404656,0.0007332356180995703
425,0.7759766578674316,0.0491577684879303,0.009517976082861423,0.006202418357133865
426,0.9941759705543518,0.015350066125392914,0.01621880568563938,0.005749366246163845
427,0.9955096244812012,0.17324702441692352,0.09088150411844254,0.07659091800451279
428,0.6214806437492371,0.014551478438079357,0.0015929959481582046,0.0005138540873304009
429,0.6820008158683777,0.10487190634012222,0.00989648699760437,0.002993317786604166
430,0.7211258411407471,0.15219268202781677,0.012164111249148846,0.008459804579615593
431,0.8537288904190063,0.021537847816944122,0.005011125933378935,0.0014633043901994824
432,0.8906187415122986,0.7131953239440918,0.6031200885772705,0.6146892309188843
433,0.9906457662582397,0.035435061901807785,0.020887956023216248,0.00568770244717598
434,0.20741093158721924,0.2660641670227051,0.08743862062692642,0.09348555654287338
435,0.9240193963050842,0.015536843799054623,0.020671814680099487,0.005251280032098293
436,0.018758142367005348,0.027893878519535065,0.018985655158758163,0.013707945123314857
437,0.7912564873695374,0.01580660045146942,0.010426445864140987,0.00282176467590034
438,0.11573442816734314,0.03154616057872772,0.007219091523438692,0.014336036518216133
439,0.30853402614593506,0.005573861766606569,0.006673198658972979,0.0018340484239161015
440,0.6529087424278259,0.0022610558662563562,0.004637378733605146,0.0012533827684819698
441,0.8801223039627075,0.15194448828697205,0.022615822032094002,0.04076069965958595
442,0.8225897550582886,0.00934046134352684,0.005017071962356567,0.005507348570972681
443,0.9619564414024353,0.4965781271457672,0.09568779170513153,0.07002244889736176
444,0.9614683389663696,0.009885641746222973,0.01851740851998329,0.014672317542135715
445,0.9980306029319763,0.594731867313385,0.27746930718421936,0.17590171098709106
446,0.9689014554023743,0.008559517562389374,0.07525443285703659,0.005719679873436689
447,0.7720036506652832,0.6813930869102478,0.477735310792923,0.5501847267150879
448,0.7730871438980103,0.00020560483972076327,0.0005370234721340239,0.00012963333574589342
449,0.8935390710830688,0.037297323346138,0.02438202127814293,0.13392004370689392
450,0.6666586399078369,0.040467020124197006,0.022143986076116562,0.021024594083428383
451,0.7659631371498108,0.0409008152782917,0.045624878257513046,0.04044084995985031
452,0.9782549738883972,0.07129891961812973,0.027063261717557907,0.026259591802954674
453,0.771389365196228,0.17569155991077423,0.03246241435408592,0.07660060375928879
454,0.5206415057182312,0.020424379035830498,0.015051871538162231,0.008935172110795975
455,0.9226007461547852,0.0466834232211113,0.017784742638468742,0.04819874092936516
456,0.9922650456428528,0.004994060844182968,0.008652008138597012,0.009462402202188969
457,0.983120858669281,0.06988855451345444,0.01585390977561474,0.004767566919326782
458,0.8769293427467346,0.8476858139038086,0.3552764356136322,0.8071821331977844
459,0.9078450798988342,0.026027105748653412,0.01629423350095749,0.011885685846209526
460,0.8968796730041504,0.018131906166672707,0.009829993359744549,0.005424011033028364
461,0.844404399394989,0.03439994901418686,0.014343224465847015,0.01815325953066349
462,0.9503287672996521,0.07374050468206406,0.010060629807412624,0.00977837760001421
463,0.84187251329422,0.0805407240986824,0.018658075481653214,0.021080126985907555
464,0.9988393783569336,0.05753364413976669,0.0225957240909338,0.06257487833499908
465,0.10973288863897324,0.03828930854797363,0.002209603087976575,0.001179187442176044
466,0.5782299637794495,0.023027842864394188,0.019356556236743927,0.01176599133759737
467,0.8746192455291748,0.8676795363426208,0.507096529006958,0.8616442084312439
468,0.9041670560836792,0.010870792903006077,0.028154443949460983,0.018720945343375206
469,0.4396367371082306,0.008248473517596722,0.007179901469498873,0.0036542126908898354
470,0.994770884513855,0.08001668006181717,0.012156127952039242,0.005693126004189253
471,0.9715410470962524,0.9707488417625427,0.8790654540061951,0.9150686264038086
472,0.9830416440963745,0.07139147818088531,0.032409001141786575,0.019615916535258293
473,0.34044328331947327,0.3551306128501892,0.01316028367727995,0.21430398523807526
474,0.07392236590385437,0.0583968460559845,0.02713565155863762,0.013292779214680195
475,0.3498118817806244,0.02038213051855564,0.006612143479287624,0.004125259350985289
476,0.6469248533248901,0.048514556139707565,0.030810045078396797,0.046235159039497375
477,0.8255394697189331,0.27940455079078674,0.07306861132383347,0.06579998880624771
478,0.65826815366745,0.09680823981761932,0.011100748553872108,0.00972308125346899
479,0.9108051061630249,0.029036054387688637,0.030848858878016472,0.015925662592053413
480,0.5859916806221008,0.0063946861773729324,0.0022936463356018066,0.0037618204951286316
481,0.6999557018280029,0.024603169411420822,0.008728070184588432,0.012680184096097946
482,0.8788456320762634,0.06907057762145996,0.0410725474357605,0.052230104804039
483,0.9525681734085083,0.018954159691929817,0.014888386242091656,0.008820072747766972
484,0.7018803954124451,0.2040567398071289,0.04598769545555115,0.06399437040090561
485,0.7803632020950317,0.10672127455472946,0.04390794411301613,0.024687090888619423
486,0.9915098547935486,0.05076570808887482,0.039397697895765305,0.029056895524263382
487,0.14101146161556244,0.15984344482421875,0.04924926906824112,0.041575148701667786
488,0.8705927133560181,0.6121671199798584,0.08816588670015335,0.08217325061559677
489,0.9386272430419922,0.011406824924051762,0.005772962234914303,0.001323035336099565
490,0.7894651889801025,0.07111223042011261,0.04639891907572746,0.03892354294657707
491,0.5302274823188782,0.46090418100357056,0.07375885546207428,0.3599647879600525
492,0.9824259877204895,0.025190060958266258,0.015027699060738087,0.011986986733973026
493,0.026189396157860756,0.001450051786378026,0.0019686396699398756,0.00045697452151216567
494,0.4907836318016052,0.45479339361190796,0.037011947482824326,0.3509315848350525
495,0.07502751052379608,0.03328642249107361,0.01963246427476406,0.009627976454794407
496,0.6000874042510986,0.023618638515472412,0.006976506672799587,0.006260773632675409
497,0.2438134253025055,0.005772219970822334,0.0060995942912995815,0.0026765484362840652
498,0.8430172801017761,0.8987724781036377,0.899761438369751,0.8888483643531799
499,0.993048369884491,0.07432515919208527,0.006564990617334843,0.003684094874188304
500,0.184355229139328,0.21255242824554443,0.033179908990859985,0.030918048694729805
501,0.8723447322845459,0.12371978163719177,0.026771899312734604,0.014831360429525375
502,0.3897861838340759,0.3419533371925354,0.02281642146408558,0.21620450913906097
503,0.37209731340408325,0.32326412200927734,0.12071643024682999,0.4477817416191101
504,0.6187936663627625,0.16518574953079224,0.02349923551082611,0.3506508767604828
505,0.7833778858184814,0.3995569050312042,0.07320532202720642,0.033828046172857285
506,0.5946404337882996,0.014483497478067875,0.008327674120664597,0.0056784916669130325
507,0.7910429835319519,0.6706022024154663,0.24650482833385468,0.667072057723999
508,0.000494394451379776,0.04481060430407524,0.0040719336830079556,0.001487612840719521
509,0.8748878836631775,0.14206409454345703,0.06697574257850647,0.05620696395635605
510,0.9638939499855042,0.32349255681037903,0.09732416272163391,0.14044593274593353
511,0.995877742767334,0.21283066272735596,0.15922144055366516,0.09427714347839355
512,0.7010443806648254,0.10148927569389343,0.042745254933834076,0.04174751043319702
513,0.8889849781990051,0.02660321816802025,0.01233894657343626,0.008862973190844059
514,0.8306279182434082,0.5589433908462524,0.155659019947052,0.5329890251159668
515,0.9968133568763733,0.0013780875597149134,0.00912946742027998,0.0013688297476619482
516,0.6479491591453552,0.7185733914375305,0.4568203389644623,0.5010603070259094
517,0.9940083026885986,0.007054085843265057,0.013872986659407616,0.002921825274825096
518,0.9369975328445435,0.01510600931942463,0.0057739438489079475,0.0023923004046082497
519,0.5365489721298218,0.05007794126868248,0.02990644797682762,0.019412001594901085
520,0.4603211581707001,0.010776436887681484,0.0051826792769134045,0.005993332248181105
521,0.993023157119751,0.05933566391468048,0.052144862711429596,0.0255061537027359
522,0.25910142064094543,0.002782444003969431,0.0017035380005836487,0.0007231392082758248
523,0.8815970420837402,0.7938142418861389,0.6988128423690796,0.8085557222366333
524,0.6510534286499023,0.015400081872940063,0.023195408284664154,0.01264467928558588
525,0.837185800075531,0.5183507800102234,0.23644675314426422,0.15566298365592957
526,0.7831235527992249,0.04816664010286331,0.009542912244796753,0.006567179225385189
527,0.956309974193573,0.0954197496175766,0.05714726448059082,0.025958796963095665
528,0.7961612343788147,0.7306822538375854,0.6745098829269409,0.6032455563545227
529,0.8143787980079651,0.05668817460536957,0.01287016924470663,0.029793303459882736
530,0.9925466775894165,0.001479622209444642,0.0024608441162854433,0.0007856318261474371
531,0.9512174725532532,0.30989477038383484,0.1378304809331894,0.12305276840925217
532,0.977558434009552,0.09185312688350677,0.016220184043049812,0.07128731161355972
533,0.98186194896698,0.06874550879001617,0.025109052658081055,0.016358377411961555
534,0.9167421460151672,0.4051191806793213,0.017890658229589462,0.017400052398443222
535,0.8573436737060547,0.03328521177172661,0.020369047299027443,0.010005613788962364
536,0.7295105457305908,0.23617638647556305,0.03646733984351158,0.02865690551698208
537,0.034520260989665985,0.0017721496988087893,0.0010818846058100462,0.0008920920081436634
538,0.9918078780174255,0.13573013246059418,0.015130852349102497,0.003610181389376521
539,0.48342251777648926,0.044944386929273605,0.514914870262146,0.019407358020544052
540,0.9062588214874268,0.18686328828334808,0.08409994095563889,0.06841591745615005
541,0.9844802021980286,0.03053276054561138,0.027665672823786736,0.007522368337959051
542,0.14136956632137299,0.011676915921270847,0.016522349789738655,0.013611949980258942
543,0.0010107348207384348,0.030041100457310677,0.0019558423664420843,0.00037927538505755365
544,0.17920449376106262,0.00570023013278842,0.001726885442622006,0.0016449623508378863
545,0.8355534076690674,0.5477895140647888,0.07673589885234833,0.582862377166748
546,0.04752710089087486,0.02756350301206112,0.004400781821459532,0.0020019200164824724
547,0.950252115726471,0.08693996071815491,0.037719059735536575,0.011305851861834526
548,0.9947201609611511,0.1115134134888649,0.020014489069581032,0.00873732753098011
549,0.7147143483161926,0.029817353934049606,0.022343380376696587,0.01077392790466547
550,0.9770373702049255,0.19137868285179138,0.014114723540842533,0.00373023166321218
551,0.9450839161872864,0.17028853297233582,0.06642954796552658,0.053447045385837555
552,0.9654491543769836,0.0075818938203155994,0.014001959934830666,0.003111624624580145
553,0.04893167316913605,0.0025510666891932487,0.00274730590172112,0.0013863935600966215
554,0.267261266708374,0.2909379005432129,0.19149504601955414,0.30906689167022705
555,0.42520901560783386,0.5903381109237671,0.34372150897979736,0.5581681728363037
556,0.8907321691513062,0.07788138091564178,0.04555537924170494,0.06775069236755371
557,0.14294177293777466,0.06985718011856079,0.01902601309120655,0.31998562812805176
558,0.1364646703004837,0.046210139989852905,0.009054278023540974,0.009567162953317165
559,0.9194130897521973,0.22835750877857208,0.14782896637916565,0.14999453723430634
560,0.9628498554229736,0.06309410184621811,0.04521023854613304,0.028267985209822655
561,0.8904576301574707,0.02328510954976082,0.015365619212388992,0.022057529538869858
562,0.9905906319618225,0.04705007001757622,0.02313697524368763,0.016751905903220177
563,0.8575889468193054,0.059861164540052414,0.05195141211152077,0.06126562878489494
564,0.48522669076919556,0.008727675303816795,0.005094198975712061,0.002109271241351962
565,0.19326843321323395,0.09954815357923508,0.08804275840520859,0.1644669771194458
566,0.7615988850593567,0.7057243585586548,0.18318568170070648,0.5970653891563416
567,0.9889201521873474,0.7610045075416565,0.4384709298610687,0.7544360160827637
568,0.9307682514190674,0.032886091619729996,0.01679752767086029,0.011447392404079437
569,0.35650351643562317,0.015926646068692207,0.009490814991295338,0.017168371006846428
570,0.33613938093185425,0.10178709030151367,0.027767391875386238,0.015416473150253296
571,0.7827664613723755,0.7249820232391357,0.34630870819091797,0.7961034774780273
572,0.5612499117851257,0.6597534418106079,0.1862936019897461,0.5051476955413818
573,0.9752218127250671,0.01186984870582819,0.00891223456710577,0.004512655083090067
574,0.4505251944065094,0.13032706081867218,0.045008160173892975,0.020322121679782867
575,0.0042048548348248005,0.011869557201862335,0.009226620197296143,0.009650719352066517
576,0.9681424498558044,0.004025629255920649,0.007856533862650394,0.0021486736368387938
577,0.9849139451980591,0.1521332859992981,0.07523339241743088,0.12206369638442993
578,0.9949227571487427,0.030349956825375557,0.03351933881640434,0.01205066591501236
579,0.9701662063598633,0.09623286873102188,0.02151024155318737,0.02644042856991291
580,0.34189242124557495,0.12710587680339813,0.06873492151498795,0.04417458921670914
581,0.9710320234298706,0.31747207045555115,0.14096206426620483,0.11667882651090622
582,0.9909144043922424,0.21001429855823517,0.0450669601559639,0.056285079568624496
583,0.5228821635246277,0.5942614674568176,0.14246243238449097,0.37988921999931335
584,0.9407907128334045,0.22090917825698853,0.047344647347927094,0.04775165766477585
585,0.6207752823829651,0.07067158818244934,0.029039453715085983,0.0148680554702878
586,0.7960673570632935,0.08057516813278198,0.025879088789224625,0.017849134281277657
587,0.15662866830825806,0.03144602105021477,0.04393176734447479,0.027307704091072083
588,0.9357627630233765,0.01754205860197544,0.004525815602391958,0.001291849184781313
589,0.745983362197876,0.19285736978054047,0.017222315073013306,0.009346364997327328
590,0.10646737366914749,0.04646715521812439,0.02362382411956787,0.09734953939914703
591,0.875227153301239,0.86863774061203,0.629043459892273,0.8122978210449219
592,0.9931082725524902,0.05177760869264603,0.0147141357883811,0.004606741014868021
593,0.95327228307724,0.01848450116813183,0.030705705285072327,0.013051941990852356
594,0.8945939540863037,0.018362311646342278,0.010905992239713669,0.004205096047371626
595,0.9054731726646423,0.054611366242170334,0.03490999713540077,0.03702046722173691
596,0.9796789288520813,0.05994038283824921,0.020811058580875397,0.004129514098167419
597,0.3002053499221802,0.000716955226380378,0.0009290511370636523,0.0004943734384141862
598,0.8189259767532349,0.14040875434875488,0.017737912014126778,0.011869384907186031
599,0.10892584174871445,0.018518531695008278,0.008640680462121964,0.0028583197854459286
600,0.2230665236711502,0.011032931506633759,0.0032395028974860907,0.0019397649448364973
601,0.6536996960639954,0.00624895328655839,0.009156015701591969,0.002539627719670534
602,0.6637451648712158,0.0072603533044457436,0.009145587682723999,0.0014888341538608074
603,0.7283618450164795,0.004838569555431604,0.0025496776215732098,0.0014301189221441746
604,0.5213093757629395,0.011905676685273647,0.01386586856096983,0.007604355923831463
605,0.7787354588508606,0.4217190146446228,0.6476385593414307,0.49040037393569946
606,0.8750087022781372,0.3977729082107544,0.013572652824223042,0.008897483348846436
607,0.7548777461051941,0.2113213688135147,0.06205667182803154,0.04524971544742584
608,0.11033929884433746,0.026510421186685562,0.030089428648352623,0.022479873150587082
609,0.9907143115997314,0.0015417513204738498,0.002011592499911785,0.001461812760680914
610,0.9949686527252197,0.023363769054412842,0.010487901046872139,0.0033752259332686663
611,0.16386711597442627,0.09080347418785095,0.05880828574299812,0.05685162916779518
612,0.19692076742649078,0.08421368896961212,0.015110152773559093,0.8504558801651001
613,0.6187842488288879,0.023912163451313972,0.03249497339129448,0.01818878948688507
614,0.6028622388839722,0.737565279006958,0.29195812344551086,0.5955454111099243
615,0.5945718288421631,0.3208828866481781,0.1686234176158905,0.2005728930234909
616,0.09229030460119247,0.022421887144446373,0.009808872826397419,0.0035286236088722944
617,0.9402270913124084,0.051469836384058,0.010578875429928303,0.005884189624339342
618,0.9603327512741089,0.17062656581401825,0.04952429607510567,0.05470430105924606
619,0.8256840705871582,0.0205678790807724,0.023408574983477592,0.013205418363213539
620,0.6593788862228394,0.1067998856306076,0.021680070087313652,0.028442630544304848
621,0.2853891849517822,0.015826476737856865,0.007299511693418026,0.01408085785806179
622,0.00915378239005804,0.0571792796254158,0.009138831868767738,0.004129332490265369
623,0.7222680449485779,0.29896289110183716,0.07999182492494583,0.05446695163846016
624,0.9711734652519226,0.1733168214559555,0.002937000012025237,0.0009379284456372261
625,0.08045220375061035,0.006096756085753441,0.00963685568422079,0.010843008756637573
626,0.027058588340878487,0.14270617067813873,0.034867335110902786,0.08372637629508972
627,0.9721940159797668,0.273121178150177,0.12185750901699066,0.0937894657254219
628,0.42318734526634216,0.1071111410856247,0.023651452735066414,0.06156923621892929
629,0.9368159174919128,0.07873039692640305,0.023367777466773987,0.023284176364541054
630,0.9837203621864319,0.15376505255699158,0.030341733247041702,0.021520055830478668
631,0.8738739490509033,0.25742846727371216,0.08117574453353882,0.046914465725421906
632,0.9852715134620667,0.04114696756005287,0.006561998277902603,0.0031325628515332937
633,0.9265263080596924,0.06084400415420532,0.003244700375944376,0.0035469261929392815
634,0.677355945110321,0.7197823524475098,0.19235147535800934,0.7677343487739563
635,0.7198994159698486,0.006385952699929476,0.007348507642745972,0.005373198539018631
636,0.828465461730957,0.03454121574759483,0.0034086909145116806,0.0010664347792044282
637,0.9891846179962158,0.0026902775280177593,0.004601904656738043,0.0030577576253563166
638,0.05625063180923462,0.005856234114617109,0.0035012690350413322,0.0016847560182213783
639,0.8985846042633057,0.021079756319522858,0.019048042595386505,0.009176543913781643
640,0.6199010610580444,0.05821409821510315,0.01606801524758339,0.0029958547092974186
641,0.926591694355011,0.04547993466258049,0.025849996134638786,0.03874656930565834
642,0.17571298778057098,0.42897364497184753,0.15772658586502075,0.26916375756263733
643,0.9226455688476562,0.4289178252220154,0.5015074610710144,0.5544158816337585
644,0.41279512643814087,0.6303917169570923,0.36553508043289185,0.7919237017631531
645,0.9796645641326904,0.05340321362018585,0.018201207742094994,0.01103757694363594
646,0.941969096660614,0.05689958110451698,0.017773251980543137,0.03657858073711395
647,0.28189051151275635,0.7891775369644165,0.31313130259513855,0.7542905807495117
648,0.015819529071450233,0.14450311660766602,0.026230717077851295,0.02197907119989395
649,0.3679388463497162,0.4414176046848297,0.20315329730510712,0.3675095736980438
650,0.6986905932426453,0.250006765127182,0.23612163960933685,0.43848276138305664
651,0.975326657295227,0.08924496173858643,0.01646401733160019,0.01998908817768097
652,0.33641037344932556,0.03808214142918587,0.009959354065358639,0.00924878753721714
653,0.68050217628479,0.004206875804811716,0.003840623889118433,0.0005028860177844763
654,0.8684200644493103,0.027227744460105896,0.012633771635591984,0.007288921624422073
655,0.9973684549331665,0.1249513104557991,0.02054356224834919,0.013971973210573196
656,0.7565248608589172,0.877921998500824,0.4556671977043152,0.9169778227806091
657,0.48450231552124023,0.5541194081306458,0.011594726704061031,0.04762948304414749
658,0.5725923776626587,0.5832477807998657,0.22055715322494507,0.314892053604126
659,0.9580737352371216,0.9016584157943726,0.8973629474639893,0.8275426030158997
660,0.9352256655693054,0.27996861934661865,0.0763702392578125,0.026280943304300308
661,0.9875832796096802,0.08063145726919174,0.011663680896162987,0.011095419526100159
662,0.9699043035507202,0.13572411239147186,0.050620902329683304,0.043054867535829544
663,0.15554791688919067,0.044002190232276917,0.024598706513643265,0.4673907160758972
664,0.47236162424087524,0.509217381477356,0.23306888341903687,0.4261411428451538
665,0.30573514103889465,0.27673497796058655,0.2761476933956146,0.3213980793952942
666,0.8150478601455688,0.019559592008590698,0.05582461506128311,0.005251422058790922
667,0.7712236046791077,0.44962194561958313,0.3150954842567444,0.3773234486579895
668,0.5449439883232117,0.5159427523612976,0.09565899521112442,0.08854410797357559
669,0.8544135689735413,0.021067069843411446,0.02120989002287388,0.00723563926294446
670,0.9120645523071289,0.9108842611312866,0.3805049657821655,0.9007011651992798
671,0.9333764910697937,0.013000816106796265,0.015628796070814133,0.022955797612667084
672,0.9989235401153564,0.22865886986255646,0.02436245232820511,0.03375280648469925
673,0.9856484532356262,0.12897369265556335,0.08802386373281479,0.03996458649635315
674,0.8768935203552246,0.41123321652412415,0.03359575942158699,0.2006927877664566
675,0.9899945855140686,0.026600172743201256,0.009222867898643017,0.002234351821243763
676,0.9278612732887268,0.2644486725330353,0.016666244715452194,0.012032488361001015
677,0.3291223347187042,0.0067200856283307076,0.022160010412335396,0.006498933304101229
678,0.8839431405067444,0.005331091117113829,0.00414337357506156,0.002253970131278038
679,0.5967519879341125,0.2086937576532364,0.06315361708402634,0.05784555897116661
680,0.26993393898010254,0.0019141780212521553,0.005516038276255131,0.000986296683549881
681,0.9933934211730957,0.0005579887074418366,0.0012910118093714118,0.0003921610186807811
682,0.9820780754089355,0.2786458432674408,0.0680193230509758,0.05338479205965996
683,0.8100070953369141,0.03683680295944214,0.04040255770087242,0.003389055375009775
684,0.3628137707710266,0.20108486711978912,0.2884621322154999,0.18647541105747223
685,0.9927231073379517,0.49397316575050354,0.09357626736164093,0.14589032530784607
686,0.6568396091461182,0.06702664494514465,0.009000347927212715,0.02567100338637829
687,0.4581764042377472,0.03803567960858345,0.026307180523872375,0.02046990767121315
688,0.8580225706100464,0.09195707738399506,0.023599660024046898,0.013478286564350128
689,0.09084663540124893,0.002298590261489153,0.0032490482553839684,0.0022537964396178722
690,0.6164820194244385,0.07247983664274216,0.01588149182498455,0.039321184158325195
691,0.2915402352809906,0.01375727541744709,0.035324759781360626,0.019413845613598824
692,0.34051603078842163,0.33781513571739197,0.1500910520553589,0.2590863108634949
693,0.03565215691924095,0.017763080075383186,0.005014845635741949,0.0069566029123961926
694,0.8501725792884827,0.006914826575666666,0.006488417275249958,0.0035486631095409393
695,0.9624778032302856,0.08557653427124023,0.033621110022068024,0.025798112154006958
696,0.8785048127174377,0.7034695744514465,0.08708664774894714,0.15619051456451416
697,0.026527000591158867,0.007946469821035862,0.012063686735928059,0.00876650121062994
698,0.7242923378944397,0.03125618025660515,0.010553649626672268,0.005065183620899916
699,0.8404656648635864,0.04381110146641731,0.008796368725597858,0.0076434919610619545
700,0.5789602398872375,0.7387418746948242,0.5076524019241333,0.5309592485427856
701,0.9722924828529358,0.004114866256713867,0.003941782284528017,0.006222739815711975
702,0.5249673128128052,0.3671007752418518,0.1968935877084732,0.4468494653701782
703,0.9234782457351685,0.12002678215503693,0.0900086760520935,0.09213171154260635
704,0.9620352983474731,0.0638369545340538,0.028517335653305054,0.04430113360285759
705,0.15716779232025146,0.22352948784828186,0.1576365977525711,0.30269134044647217
706,0.8502556085586548,0.02746807411313057,0.06457702070474625,0.0307583287358284
707,0.850504457950592,0.7675346732139587,0.2265803962945938,0.6266781687736511
708,0.5628116130828857,0.16928598284721375,0.021130606532096863,0.009135742671787739
709,0.9344066977500916,0.05437712371349335,0.08087462186813354,0.02791737951338291
710,0.5713080763816833,0.04968816787004471,0.025678109377622604,0.012621528469026089
711,0.9780861735343933,0.43278008699417114,0.15056104958057404,0.08318046480417252
712,0.7026889324188232,0.10515967011451721,0.04057222604751587,0.022909078747034073
713,0.1732739806175232,0.011167378164827824,0.004398000426590443,0.002200840972363949
714,0.931475818157196,0.0975348949432373,0.09558822959661484,0.09506247937679291
715,0.8291717767715454,0.01591792143881321,0.01717866212129593,0.0189806018024683
716,0.04555786773562431,0.7071992754936218,0.06776028126478195,0.10321106016635895
717,0.6432011127471924,0.00454590143635869,0.004207496996968985,0.002079166704788804
718,0.9331499338150024,0.09557587653398514,0.05722398683428764,0.08184540271759033
719,0.6577514410018921,0.007476006634533405,0.03808974102139473,0.014772476628422737
720,0.06161149591207504,0.0020007046405225992,0.0014881888637319207,0.0005757990875281394
721,0.941573441028595,0.039272014051675797,0.004074187017977238,0.0030475743114948273
722,0.9001683592796326,0.014313800260424614,0.006398298777639866,0.003920377232134342
723,0.17242729663848877,0.05275708809494972,0.00816410407423973,0.10214251279830933
724,0.6400914192199707,0.5213016867637634,0.3941481113433838,0.452185720205307
725,0.926133394241333,0.08057638257741928,0.014111880213022232,0.015801988542079926
726,0.9875693917274475,0.04434572532773018,0.02044927142560482,0.010454307310283184
727,0.9614943265914917,0.12609344720840454,0.13368375599384308,0.0625963881611824
728,0.933021068572998,0.23177602887153625,0.07551462203264236,0.04783965274691582
729,0.3778643310070038,0.3594706356525421,0.11445688456296921,0.30500328540802
730,0.936561107635498,0.06646173447370529,0.017841501161456108,0.020970717072486877
731,0.6623433232307434,0.5525031685829163,0.3101472556591034,0.5185379981994629
732,0.5843581557273865,0.5499268770217896,0.34478864073753357,0.515639066696167
733,0.6839266419410706,0.2610585391521454,0.06074967607855797,0.030454954132437706
734,0.06975702941417694,0.3457331359386444,0.18627133965492249,0.3411802649497986
735,0.9793354868888855,0.32350316643714905,0.1508558839559555,0.08853960037231445
736,0.9825364947319031,0.02063741162419319,0.017329156398773193,0.008940920233726501
737,0.5864127278327942,0.2119557112455368,0.003929674159735441,0.003772327210754156
738,0.976382851600647,0.04430313780903816,0.005463277455419302,0.0016370962839573622
739,0.8022342920303345,0.6361346244812012,0.04203768074512482,0.09005656093358994
740,0.5323527455329895,0.20074690878391266,0.021612845361232758,0.03593956306576729
741,0.9905814528465271,0.028577400371432304,0.01611119508743286,0.016336899250745773
742,0.07683294266462326,0.058009568601846695,0.07410132884979248,0.09421565383672714
743,0.7002995014190674,0.2556409537792206,0.07468388974666595,0.04166875407099724
744,0.8506669998168945,0.031318049877882004,0.013266997411847115,0.0049294219352304935
745,0.9442220330238342,0.10709342360496521,0.11885306239128113,0.05911202356219292
746,0.8175156116485596,0.08178543299436569,0.013483247719705105,0.00794950406998396
747,0.6964799165725708,0.8634397983551025,0.5106530785560608,0.839858889579773
748,0.3789142668247223,0.05274892970919609,0.020239142701029778,0.044891707599163055
749,0.2722848653793335,0.022289913147687912,0.011626586318016052,0.005456872284412384
750,0.8266420364379883,0.6755462288856506,0.6583266854286194,0.6490981578826904
751,0.5036045908927917,0.6925166249275208,0.3327440023422241,0.563347339630127
752,0.9738847017288208,0.007929813116788864,0.005045747384428978,0.0014264154015108943
753,0.9875736236572266,0.1699877381324768,0.1586669385433197,0.055531300604343414
754,0.07382328808307648,0.027564289048314095,0.0034157931804656982,0.0037636379711329937
755,0.002502226969227195,0.07993996143341064,0.0033750201109796762,0.0009340577526018023
756,0.9915468096733093,0.2394796460866928,0.16750971972942352,0.07952581346035004
757,0.4611772298812866,0.07999862730503082,0.019720524549484253,0.03557325527071953
758,0.5971890091896057,0.017695380374789238,0.00421975739300251,0.002926869550719857
759,0.9635728001594543,0.8814448118209839,0.5641312003135681,0.9004361033439636
760,0.8918344974517822,0.9722579121589661,0.591230571269989,0.9795698523521423
761,0.021416746079921722,0.07430363446474075,0.05976555123925209,0.026302849873900414
762,0.9887030720710754,0.008112001232802868,0.01499687135219574,0.015542738139629364
763,0.8315675258636475,0.43608370423316956,0.2027798742055893,0.4671194851398468
764,0.4721471071243286,0.027256382629275322,0.02845187857747078,0.018460126593708992
765,0.9810203909873962,0.06446627527475357,0.026776375249028206,0.009112287312746048
766,0.8310601711273193,0.7725890874862671,0.5948596596717834,0.6637135148048401
767,0.49482429027557373,0.0010849349200725555,0.001987997442483902,0.0004989538574591279
768,0.2972140312194824,0.24071577191352844,0.02844533883035183,0.0454619824886322
769,0.5615063905715942,0.5652978420257568,0.30233070254325867,0.27130475640296936
770,0.7110633254051208,0.649459958076477,0.7691642642021179,0.6526322960853577
771,0.7800880670547485,0.8114269375801086,0.52089524269104,0.731241762638092
772,0.8652886152267456,0.05857086926698685,0.03334541618824005,0.016168341040611267
773,0.9085199236869812,0.027347130700945854,0.0296937245875597,0.02884981967508793
774,0.9183167219161987,0.01804182678461075,0.011416633613407612,0.009517521597445011
775,0.9503612518310547,0.022225692868232727,0.006682217121124268,0.008600202389061451
776,0.9385381937026978,0.004730319604277611,0.00522718857973814,0.00197243457660079
777,0.6240271925926208,0.03240613639354706,0.010652781464159489,0.004816260654479265
778,0.965931236743927,0.018573204055428505,0.02864936552941799,0.0059133656322956085
779,0.9736407399177551,0.16520912945270538,0.14500762522220612,0.18447037041187286
780,0.7830230593681335,0.026851177215576172,0.016040805727243423,0.006449010688811541
781,0.9511454701423645,0.012308284640312195,0.01958373188972473,0.008063623681664467
782,0.40549883246421814,0.3391856551170349,0.059737224131822586,0.16493850946426392
783,0.5550930500030518,0.237796813249588,0.08024173974990845,0.10645797103643417
784,0.024390123784542084,0.11138968914747238,0.05761076137423515,0.06200139597058296
785,0.985052227973938,0.29608970880508423,0.06074335053563118,0.02657904289662838
786,0.33326056599617004,0.42826229333877563,0.11936958879232407,0.31907203793525696
787,0.7830992341041565,0.29778116941452026,0.08362749218940735,0.4228757321834564
788,0.6119304299354553,0.08007735759019852,0.01711834967136383,0.7320516705513
789,0.11731483042240143,0.11214345693588257,0.017321860417723656,0.014197318814694881
790,0.62956702709198,0.008789313957095146,0.03695276752114296,0.0011889695888385177
791,0.9486901760101318,0.013472740538418293,0.001535763032734394,0.0034075970761477947
792,0.7645939588546753,0.2081054449081421,0.06397242844104767,0.08197556436061859
793,0.6438611149787903,0.003219164675101638,0.012837381102144718,0.0024667365942150354
794,0.5956935286521912,0.058065108954906464,0.031101800501346588,0.010276026092469692
795,0.5859068632125854,0.020817680284380913,0.00767971808090806,0.005380538292229176
796,0.980353593826294,0.1917274445295334,0.008172565139830112,0.00649651512503624
797,0.5036630034446716,0.06532411277294159,0.04854952171444893,0.022733567282557487
798,0.03724135085940361,0.033307380974292755,0.05305096134543419,0.039069317281246185
799,0.8945952653884888,0.8169604539871216,0.5194786787033081,0.7630248665809631
800,0.0641389787197113,0.001229562796652317,0.0013086519902572036,0.0003557615273166448
801,0.972859799861908,0.2695763111114502,0.06382505595684052,0.12650300562381744
802,0.983727216720581,0.23951338231563568,0.04988115653395653,0.02517557144165039
803,0.7926422357559204,0.2793104946613312,0.06188974156975746,0.07026338577270508
804,0.9335641860961914,0.0837400034070015,0.022881345823407173,0.01255162712186575
805,0.8554802536964417,0.380063533782959,0.08126905560493469,0.13522183895111084
806,0.3557773232460022,0.012413375079631805,0.015105562284588814,0.01773585006594658
807,0.9190800786018372,0.009125017561018467,0.0031844961922615767,0.000809420133009553
808,0.9964610934257507,0.022898072376847267,0.01292986050248146,0.007174647878855467
809,0.6661936640739441,0.035616714507341385,0.010325603187084198,0.0050015076994895935
810,0.7331137657165527,0.01662803813815117,0.020223872736096382,0.011168302968144417
811,0.08346015214920044,0.08029770851135254,0.054559603333473206,0.06407404690980911
812,0.48467084765434265,0.0798175185918808,0.06143920496106148,0.09017028659582138
813,0.9773367047309875,0.38288578391075134,0.06052055209875107,0.06327858567237854
814,0.041115958243608475,0.0020031691528856754,0.0011280336184427142,0.002620016224682331
815,0.9530221223831177,0.041210755705833435,0.0031329612247645855,0.0024801818653941154
816,0.4661442041397095,0.1762937605381012,0.023126468062400818,0.019941922277212143
817,0.5209594368934631,0.5938881635665894,0.5849406719207764,0.6010009050369263
818,0.5570998787879944,0.3904901444911957,0.23221568763256073,0.4225517213344574
819,0.8615441918373108,0.043599363416433334,0.13536103069782257,0.035030294209718704
820,0.8983557224273682,0.7144047617912292,0.6734466552734375,0.7877639532089233
821,0.979678213596344,0.2874498665332794,0.07556505501270294,0.05918353796005249
822,0.17766262590885162,0.01643991284072399,0.009559658356010914,0.0050520324148237705
823,0.9863902926445007,0.019405554980039597,0.0049970136024057865,0.0016712713986635208
824,0.7324197292327881,0.09931532293558121,0.013247273862361908,0.010228930041193962
825,0.9355791807174683,0.11764274537563324,0.031506601721048355,0.024870427325367928
826,0.11406339704990387,0.0028474051505327225,0.0043397522531449795,0.1757553368806839
827,0.3227051794528961,0.0033421602565795183,0.0031376660335808992,0.001959968823939562
828,0.9769503474235535,0.06412547826766968,0.010984808206558228,0.010916532948613167
829,0.6191700100898743,0.06048616021871567,0.023158038035035133,0.017683492973446846
830,0.9937061667442322,0.05374261364340782,0.05570840835571289,0.027421146631240845
831,0.8617693185806274,0.020767999812960625,0.009422849863767624,0.003321767086163163
832,0.6524332761764526,0.5921344757080078,0.19102689623832703,0.6925791501998901
833,0.014641417190432549,0.05815946310758591,0.015468878671526909,0.011181121692061424
834,0.35680773854255676,0.6506279110908508,0.013334560208022594,0.009976208209991455
835,0.8556203842163086,0.0032391371205449104,0.006028641946613789,0.0037911327090114355
836,0.022311344742774963,0.01889965869486332,0.008163200691342354,0.006194994784891605
837,0.8446385860443115,0.07414165139198303,0.013066092506051064,0.007342074066400528
838,0.9967588782310486,0.22220535576343536,0.09045744687318802,0.04210926964879036
839,0.7291191816329956,0.44444385170936584,0.11224720627069473,0.2476859986782074
840,0.9980323314666748,0.00032492648460902274,0.002535833977162838,0.00038879894418641925
841,0.5978102087974548,0.01396673172712326,0.00601682486012578,0.0037992994766682386
842,0.9483940005302429,0.008633694611489773,0.008171942085027695,0.002585894661024213
843,0.992382824420929,0.10236845165491104,0.05638575181365013,0.02703593112528324
844,0.5585167407989502,0.003305514808744192,0.004775946028530598,0.0022942957002669573
845,0.9322080612182617,0.8025921583175659,0.10834796726703644,0.15436547994613647
846,0.9923263192176819,0.25166431069374084,0.017448067665100098,0.024790504947304726
847,0.9795421361923218,0.00039492369978688657,0.0007869740948081017,0.00021723785903304815
848,0.007360110059380531,0.14309796690940857,0.031502436846494675,0.018670206889510155
849,0.8746905326843262,0.01394802425056696,0.005912179592996836,0.0020088665187358856
850,0.959072470664978,0.10566071420907974,0.010939788073301315,0.006179303862154484
851,0.9625188708305359,0.09324615448713303,0.06708398461341858,0.079116590321064
852,0.011750912293791771,0.01767563819885254,0.015256009064614773,0.014193976297974586
853,0.9151710867881775,0.9126189351081848,0.6037116050720215,0.9082792401313782
854,0.9966899752616882,0.010860602371394634,0.010912558995187283,0.001416783663444221
855,0.9721336960792542,0.16185083985328674,0.06577958911657333,0.04889360070228577
856,0.7385649681091309,0.01333936769515276,0.00134510628413409,0.0005334011511877179
857,0.8575476408004761,0.38371872901916504,0.014933371916413307,0.00362220942042768
858,0.6162070035934448,0.05516336113214493,0.02730497345328331,0.03583903983235359
859,0.9950095415115356,0.4001486301422119,0.1655644178390503,0.16332244873046875
860,0.35309022665023804,0.01345912367105484,0.01410768274217844,0.00916274357587099
861,0.07912027835845947,0.029230941087007523,0.029566580429673195,0.031186215579509735
862,0.9976040124893188,0.006869302596896887,0.015452485531568527,0.0026299660094082355
863,0.9201177358627319,0.0343947671353817,0.008347785100340843,0.004800152964890003
864,0.6639136672019958,0.021527552977204323,0.011699387803673744,0.007138124201446772
865,0.7292242050170898,0.17490795254707336,0.16953282058238983,0.1249096691608429
866,0.8258504271507263,0.25288304686546326,0.14062197506427765,0.09446868300437927
867,0.9937158823013306,0.03212890401482582,0.007551210001111031,0.006620138883590698
868,0.84586501121521,0.03277585282921791,0.029481129720807076,0.011153670027852058
869,0.8543193340301514,0.016631754115223885,0.020077235996723175,0.015624377876520157
870,0.9968428015708923,0.0009624265367165208,0.005139593034982681,0.0004502991505432874
871,0.8191788792610168,0.39376142621040344,0.039320722222328186,0.0924084484577179
872,0.006351221352815628,0.08877386897802353,0.008133761584758759,0.007657197769731283
873,0.9922624826431274,0.002529110526666045,0.0026028340216726065,0.0022315948735922575
874,0.986823558807373,0.05858476459980011,0.007137388922274113,0.006931232288479805
875,0.9685419201850891,0.0306234210729599,0.01607373356819153,0.020796438679099083
876,0.6398312449455261,0.0072216191329061985,0.004777692724019289,0.0037620910443365574
877,0.49932512640953064,0.4815746545791626,0.40090876817703247,0.43469515442848206
878,0.8667334318161011,0.09347578883171082,0.0895046815276146,0.09074646979570389
879,0.8821868300437927,0.0633966475725174,0.03156866505742073,0.02906619943678379
880,0.930846095085144,0.026209473609924316,0.010135744698345661,0.0052474429830908775
881,0.9909790754318237,0.4847509562969208,0.1942717581987381,0.21331116557121277
882,0.9987077713012695,0.014075315557420254,0.00316222058609128,0.0019066501408815384
883,0.226506769657135,0.0630062147974968,0.07297751307487488,0.08121956139802933
884,0.8787727952003479,0.24216149747371674,0.05135367438197136,0.02477404661476612
885,0.9130972027778625,0.011996387504041195,0.016264623031020164,0.006142876110970974
886,0.6882370114326477,0.1704942137002945,0.035638682544231415,0.08092156797647476
887,0.08694968372583389,0.02645164355635643,0.015484725125133991,0.006211612373590469
888,0.7130463123321533,0.4195351004600525,0.2533300220966339,0.33222848176956177
889,0.862737774848938,0.2805650532245636,0.09686172753572464,0.14700184762477875
890,0.6447396278381348,0.014399168081581593,0.005981300491839647,0.0036420298274606466
891,0.49237415194511414,0.025006726384162903,0.003588892985135317,0.0022431924007833004
892,0.8244181275367737,0.10794634371995926,0.030632033944129944,0.06220207363367081
893,0.5120515823364258,0.9740622639656067,0.1105920821428299,0.1989135891199112
894,0.7075807452201843,0.029287954792380333,0.015859227627515793,0.012913682498037815
895,0.7626124024391174,0.008338871411979198,0.0023652822710573673,0.0010571540333330631
896,0.9236007928848267,0.043023720383644104,0.012351584620773792,0.011165463365614414
897,0.9901785254478455,0.028846465051174164,0.005789442453533411,0.002975775860249996
898,0.6658654808998108,0.3684174418449402,0.14286966621875763,0.6058957576751709
899,0.5798017382621765,0.011723065748810768,0.01372222974896431,0.01406079065054655
900,0.028395341709256172,0.1325244903564453,0.05402536317706108,0.05723382905125618
901,0.613284170627594,0.018569132313132286,0.00673251785337925,0.015462823212146759
902,0.9993268251419067,0.3459121882915497,0.020841551944613457,0.01852629892528057
903,0.02259017527103424,0.018900776281952858,0.02948804572224617,0.014802416786551476
904,0.9461308717727661,0.18532487750053406,0.02058929204940796,0.01692173257470131
905,0.8108211755752563,0.0016973629826679826,0.0013167810393497348,0.0013083411613479257
906,0.9715449213981628,0.14741510152816772,0.30658194422721863,0.09536011517047882
907,0.9139449596405029,0.8904473185539246,0.4393676221370697,0.6890060901641846
908,0.9717031121253967,0.15304352343082428,0.03056844137609005,0.014223402366042137
909,0.11123958230018616,0.24126756191253662,0.020124884322285652,0.040215037763118744
910,0.9791209697723389,0.11593230068683624,0.019612425938248634,0.012362554669380188
911,0.7123106122016907,0.025747599080204964,0.009202884510159492,0.04723130166530609
912,0.01858329214155674,0.09391815215349197,0.005754702724516392,0.00410950044170022
913,0.2136017382144928,0.6716493964195251,0.06597896665334702,0.5750192999839783
914,0.2986341118812561,0.14818285405635834,0.03950823098421097,0.8189584612846375
915,0.8617297410964966,0.10479766875505447,0.023031264543533325,0.018359310925006866
916,0.013528138399124146,0.3472147285938263,0.01274832058697939,0.006547277793288231
917,0.9501882195472717,0.02300543338060379,0.016358239576220512,0.009677349589765072
918,0.021879833191633224,0.05699821561574936,0.018475010991096497,0.009193827398121357
919,0.7836452722549438,0.6576635837554932,0.38655713200569153,0.7331946492195129
920,0.9840382933616638,0.029023226350545883,0.02153812162578106,0.007091195322573185
921,0.9757693409919739,0.0037096585147082806,0.008405408822000027,0.0037347248289734125
922,0.9839080572128296,0.0953158363699913,0.0359526202082634,0.07117173820734024
923,0.49566251039505005,0.49433961510658264,0.2714890241622925,0.4832290709018707
924,0.9469743967056274,0.38556528091430664,0.04240961745381355,0.04080042615532875
925,0.8844814300537109,0.06915711611509323,0.017507068812847137,0.01874893344938755
926,0.9982398748397827,0.0024923128075897694,0.002572589088231325,0.0018186252564191818
927,0.9823635220527649,0.029353059828281403,0.011907103471457958,0.008272542618215084
928,0.25369274616241455,0.16958993673324585,0.09790222346782684,0.24925149977207184
929,0.8982506394386292,0.0011033187620341778,0.0019724995363503695,0.0003264561528339982
930,0.3579026758670807,0.44414928555488586,0.0745963528752327,0.9378286004066467
931,0.6250684857368469,0.023789212107658386,0.009860406629741192,0.007712349761277437
932,0.43268078565597534,0.0011676127323880792,0.00047632810310460627,0.000310696690576151
933,0.9979787468910217,0.0546116903424263,0.025673534721136093,0.01058347336947918
934,0.8691312670707703,0.036885567009449005,0.0948580652475357,0.015289217233657837
935,0.9367154836654663,0.030987244099378586,0.022836344316601753,0.03112873248755932
936,0.9133127331733704,0.05232672765851021,0.04008820652961731,0.03631170094013214
937,0.9771254062652588,0.12038904428482056,0.03087586723268032,0.018660051748156548
938,0.004631453193724155,0.005519818048924208,0.0026317466981709003,0.002315297955647111
939,0.9022457599639893,0.14803658425807953,0.041868846863508224,0.043391596525907516
940,0.9951812624931335,0.03641321510076523,0.005283082369714975,0.0022265720181167126
941,0.7078507542610168,0.3333626985549927,0.03311707079410553,0.07916340976953506
942,0.9089863896369934,0.007229206617921591,0.01114684622734785,0.002241545356810093
943,0.5745424032211304,0.057500239461660385,0.008860822767019272,0.00916387140750885
944,0.9893672466278076,0.008713955990970135,0.0077066002413630486,0.0031062173657119274
945,0.19445061683654785,0.05402440205216408,0.020754603669047356,0.0069749122485518456
946,0.9368361234664917,0.0038710343651473522,0.001859398907981813,0.0006390773924067616
947,0.52812659740448,0.03626597300171852,0.027448570355772972,0.026707608252763748
948,0.962170422077179,0.004544669296592474,0.011691786348819733,0.0035471974406391382
949,0.036634109914302826,0.04399986192584038,0.020145641639828682,0.028524124994874
950,0.9931641221046448,0.23631678521633148,0.13077524304389954,0.1117333322763443
951,0.4025435149669647,0.06698977202177048,0.016853034496307373,0.0030762755777686834
952,0.886794924736023,0.21435858309268951,0.07364843040704727,0.04495410621166229
953,0.3363126218318939,0.3931948244571686,0.05958227440714836,0.2263396978378296
954,0.9882545471191406,0.04342833533883095,0.04302195459604263,0.1130104660987854
955,0.7540100812911987,0.8252289295196533,0.589374303817749,0.7888312339782715
956,0.5356256365776062,0.01592411659657955,0.01334579661488533,0.0036401974502950907
957,0.6403918862342834,0.5430299043655396,0.5178600549697876,0.356411874294281
958,0.9465362429618835,0.01762521266937256,0.015094754286110401,0.007637822534888983
959,0.8948550820350647,0.10023000836372375,0.03512052819132805,0.03437404707074165
960,0.7984893918037415,0.5493091344833374,0.30447396636009216,0.4893570840358734
961,0.8382383584976196,0.02504741959273815,0.021865973249077797,0.028063086792826653
962,0.9560696482658386,0.03699285164475441,0.015046760439872742,0.005780461244285107
963,0.9716508984565735,0.04071752727031708,0.005218501668423414,0.010976952500641346
964,0.2991237938404083,0.4161739945411682,0.03126173093914986,0.01837616041302681
965,0.9794601202011108,0.010345777496695518,0.007292018737643957,0.004928522743284702
966,0.266650915145874,0.007682465948164463,0.008425996638834476,0.0040872120298445225
967,0.9627556800842285,0.05918578431010246,0.03807159513235092,0.04045293852686882
968,0.8790228962898254,0.14873284101486206,0.032258290797472,0.01680164225399494
969,0.9226720333099365,0.06693942099809647,0.004419224802404642,0.001352568855509162
970,0.9325205683708191,0.05001818761229515,0.013783992268145084,0.04979323595762253
971,0.928145706653595,0.09847178310155869,0.014545577578246593,0.008218186907470226
972,0.1826348900794983,0.20798003673553467,0.10164336115121841,0.1654433310031891
973,0.11134517937898636,0.008122557774186134,0.005334232468158007,0.002064728643745184
974,0.0004053578886669129,0.001072959857992828,0.0005565944593399763,0.0003823343722615391
975,0.1980464905500412,0.02077302895486355,0.003683122806251049,0.003660003887489438
976,0.00046603396185673773,0.0004971339949406683,0.000304077664623037,0.0002531692443881184
977,0.9844450950622559,0.16948942840099335,0.004073969088494778,0.0011084862053394318
978,0.3268546462059021,0.07410282641649246,0.006553825456649065,0.003975654020905495
979,0.7823431491851807,0.08623724430799484,0.06874650716781616,0.0169084332883358
980,0.8685513734817505,0.38490769267082214,0.11741296947002411,0.1303423047065735
981,0.16491280496120453,0.2867581248283386,0.08312611281871796,0.2687581777572632
982,0.6605280041694641,0.010460259392857552,0.020060274749994278,0.009470774792134762
983,0.667694628238678,0.6791813969612122,0.5769527554512024,0.7409490942955017
984,0.689054548740387,0.9380814433097839,0.8104614019393921,0.8807251453399658
985,0.005336840637028217,0.009130269289016724,0.001425551832653582,0.0006441452424041927
986,0.9005430936813354,0.5933520197868347,0.5010502934455872,0.540528416633606
987,0.9164838194847107,0.06564097106456757,0.01367923803627491,0.006582313682883978
988,0.9956375956535339,0.010196111164987087,0.00570493470877409,0.10140130668878555
989,0.20502595603466034,0.507051408290863,0.062324680387973785,0.1328699141740799
990,0.9080131649971008,0.015806112438440323,0.014358594082295895,0.011982000432908535
991,0.815069854259491,0.01614607684314251,0.0049101319164037704,0.00448130676522851
992,0.4391101002693176,0.7573290467262268,0.0747435912489891,0.16083316504955292
993,0.08756580203771591,0.018748288974165916,0.008907408453524113,0.006774228531867266
994,0.0036635708529502153,0.025317171588540077,0.014093060046434402,0.19329537451267242
995,0.9977128505706787,0.008812719956040382,0.0059308866038918495,0.0013887510867789388
996,0.2606924772262573,0.11661174148321152,0.030242402106523514,0.28232651948928833
997,0.9220506548881531,0.18563611805438995,0.022978417575359344,0.010991205461323261
998,0.7374331951141357,0.029683731496334076,0.010211620479822159,0.020351195707917213
999,0.8890211582183838,0.8464057445526123,0.5390011072158813,0.7861344814300537
